{"cameraMode":{"drawMode":0,"name":"Shaded","section":"Shading Mode"},"sceneLighting":false,"audioPlay":false,"sceneViewState":{"m_AlwaysRefresh":false,"showFog":true,"showSkybox":true,"showFlares":true,"showImageEffects":true,"showParticleSystems":true,"showVisualEffectGraphs":true,"m_FxEnabled":true},"in2DMode":false,"pivot":{"x":19.513690948486329,"y":-46.32903289794922,"z":133.9095916748047},"rotation":{"x":-0.25982189178466799,"y":-0.016079727560281755,"z":-0.0039356607012450699,"w":-0.9629881381988525},"size":81.39410400390625,"orthographic":false}