{"cameraMode":{"drawMode":0,"name":"Shaded","section":"Shading Mode"},"sceneLighting":false,"audioPlay":false,"sceneViewState":{"m_AlwaysRefresh":false,"showFog":true,"showSkybox":true,"showFlares":true,"showImageEffects":true,"showParticleSystems":true,"showVisualEffectGraphs":true,"m_FxEnabled":true},"in2DMode":false,"pivot":{"x":13.303608894348145,"y":12.165691375732422,"z":-18.008739471435548},"rotation":{"x":0.15964053571224214,"y":-0.19263526797294618,"z":0.031786415725946429,"w":0.9676874876022339},"size":1.879233717918396,"orthographic":false}