{"cameraMode":{"drawMode":0,"name":"Shaded","section":"Shading Mode"},"sceneLighting":false,"audioPlay":false,"sceneViewState":{"m_AlwaysRefresh":false,"showFog":true,"showSkybox":false,"showFlares":true,"showImageEffects":true,"showParticleSystems":true,"showVisualEffectGraphs":true,"m_FxEnabled":true},"in2DMode":false,"pivot":{"x":-110.48999786376953,"y":42.108211517333987,"z":-37.7599983215332},"rotation":{"x":0.4918919801712036,"y":-0.06481797993183136,"z":0.036319538950920108,"w":0.8670729398727417},"size":3.6142079830169679,"orthographic":false}