{"cameraMode":{"drawMode":0,"name":"Shaded","section":"Shading Mode"},"sceneLighting":false,"audioPlay":false,"sceneViewState":{"m_AlwaysRefresh":false,"showFog":true,"showSkybox":false,"showFlares":true,"showImageEffects":true,"showParticleSystems":true,"showVisualEffectGraphs":true,"m_FxEnabled":true},"in2DMode":false,"pivot":{"x":0.8508949279785156,"y":0.6325303316116333,"z":-9.631808280944825},"rotation":{"x":-0.260001540184021,"y":-0.017802180722355844,"z":0.005912175867706537,"w":-0.9642597436904907},"size":0.6646097898483276,"orthographic":false}